step,mse
1,0.055965
2,0.087884
3,0.102828
4,0.113309
5,0.118212
6,0.122632
7,0.122944
8,0.132078
9,0.133510
10,0.139791
11,0.143657
12,0.143344
13,0.149276
14,0.150155
15,0.155053
16,0.162993
17,0.163455
18,0.166618
19,0.172839
20,0.172605
